"Sat, 28 Oct 2017 15:03:20",1
,
"Sat, 28 Oct 2017 15:03:20",2
,
"Sat, 28 Oct 2017 15:03:20",3
,
"Sat, 28 Oct 2017 15:03:22",4
,
"Sat, 28 Oct 2017 15:05:47",5
,
"Sat, 28 Oct 2017 15:05:49",6
"Sat, 28 Oct 2017 15:03:20",7
,
"Sat, 28 Oct 2017 15:03:20",8
,
"Sat, 28 Oct 2017 15:03:20",9
,
"Sat, 28 Oct 2017 15:03:22",10
,
"Sat, 28 Oct 2017 15:05:51",11
,
"Sat, 28 Oct 2017 15:05:53",12
"Sat, 28 Oct 2017 15:03:20",13
,
"Sat, 28 Oct 2017 15:03:20",14
,
"Sat, 28 Oct 2017 15:03:20",15
,
"Sat, 28 Oct 2017 15:03:22",16
,
"Sat, 28 Oct 2017 15:05:55",17
,
"Sat, 28 Oct 2017 15:05:57",18
"Sat, 28 Oct 2017 15:03:20",19
,
"Sat, 28 Oct 2017 15:03:20",20
,
"Sat, 28 Oct 2017 15:03:20",21
,
"Sat, 28 Oct 2017 15:03:22",22
,
"Sat, 28 Oct 2017 15:05:59",23
,
"Sat, 28 Oct 2017 15:05:61",24
"Sat, 28 Oct 2017 15:03:20",25
,
"Sat, 28 Oct 2017 15:03:20",26
,
"Sat, 28 Oct 2017 15:03:20",27
,
"Sat, 28 Oct 2017 15:03:22",28
,
"Sat, 28 Oct 2017 15:05:63",29
,
"Sat, 28 Oct 2017 15:05:65",30
"Sat, 28 Oct 2017 15:03:20",31
,
"Sat, 28 Oct 2017 15:03:20",32
,
"Sat, 28 Oct 2017 15:03:20",33
,
"Sat, 28 Oct 2017 15:03:22",34
,
"Sat, 28 Oct 2017 15:05:67",35
,
"Sat, 28 Oct 2017 15:05:69",36
"Sat, 28 Oct 2017 15:03:20",37
,
"Sat, 28 Oct 2017 15:03:20",38
,
"Sat, 28 Oct 2017 15:03:20",39
,
"Sat, 28 Oct 2017 15:03:22",40
,
"Sat, 28 Oct 2017 15:05:71",41
,
"Sat, 28 Oct 2017 15:05:73",42
"Sat, 28 Oct 2017 15:03:20",43
,
"Sat, 28 Oct 2017 15:03:20",44
,
"Sat, 28 Oct 2017 15:03:20",45
,
"Sat, 28 Oct 2017 15:03:22",46
,
"Sat, 28 Oct 2017 15:05:75",47
,
"Sat, 28 Oct 2017 15:05:77",48
"Sat, 28 Oct 2017 15:03:20",49
,
"Sat, 28 Oct 2017 15:03:20",50
,
"Sat, 28 Oct 2017 15:03:20",51
,
"Sat, 28 Oct 2017 15:03:22",52
,
"Sat, 28 Oct 2017 15:05:79",53
,
"Sat, 28 Oct 2017 15:05:81",54
"Sat, 28 Oct 2017 15:03:20",55
,
"Sat, 28 Oct 2017 15:03:20",56
,
"Sat, 28 Oct 2017 15:03:20",57
,
"Sat, 28 Oct 2017 15:03:22",58
,
"Sat, 28 Oct 2017 15:05:83",59
,
"Sat, 28 Oct 2017 15:05:85",60
"Sat, 28 Oct 2017 15:03:20",61
,
"Sat, 28 Oct 2017 15:03:20",62
,
"Sat, 28 Oct 2017 15:03:20",63
,
"Sat, 28 Oct 2017 15:03:22",64
,
"Sat, 28 Oct 2017 15:05:87",65
,
"Sat, 28 Oct 2017 15:05:89",66
"Sat, 28 Oct 2017 15:03:20",67
,
"Sat, 28 Oct 2017 15:03:20",68
,
"Sat, 28 Oct 2017 15:03:20",69
,
"Sat, 28 Oct 2017 15:03:22",70
,
"Sat, 28 Oct 2017 15:05:91",71
,
"Sat, 28 Oct 2017 15:05:93",72
"Sat, 28 Oct 2017 15:03:20",73
,
"Sat, 28 Oct 2017 15:03:20",74
,
"Sat, 28 Oct 2017 15:03:20",75
,
"Sat, 28 Oct 2017 15:03:22",76
,
"Sat, 28 Oct 2017 15:05:95",77
,
"Sat, 28 Oct 2017 15:05:97",78
"Sat, 28 Oct 2017 15:03:20",79
,
"Sat, 28 Oct 2017 15:03:20",80
,
"Sat, 28 Oct 2017 15:03:20",81
,
"Sat, 28 Oct 2017 15:03:22",82
,
"Sat, 28 Oct 2017 15:05:99",83
,
"Sat, 28 Oct 2017 15:05:101",84
"Sat, 28 Oct 2017 15:03:20",85
,
"Sat, 28 Oct 2017 15:03:20",86
,
"Sat, 28 Oct 2017 15:03:20",87
,
"Sat, 28 Oct 2017 15:03:22",88
,
"Sat, 28 Oct 2017 15:05:103",89
,
"Sat, 28 Oct 2017 15:05:105",90
"Sat, 28 Oct 2017 15:03:20",91
,
"Sat, 28 Oct 2017 15:03:20",92
,
"Sat, 28 Oct 2017 15:03:20",93
,
"Sat, 28 Oct 2017 15:03:22",94
,
"Sat, 28 Oct 2017 15:05:107",95
,
"Sat, 28 Oct 2017 15:05:109",96
"Sat, 28 Oct 2017 15:03:20",97
,
"Sat, 28 Oct 2017 15:03:20",98
,
"Sat, 28 Oct 2017 15:03:20",99
,
"Sat, 28 Oct 2017 15:03:22",100
,
"Sat, 28 Oct 2017 15:05:111",101
,
"Sat, 28 Oct 2017 15:05:113",102
"Sat, 28 Oct 2017 15:03:20",103
,
"Sat, 28 Oct 2017 15:03:20",104
,
"Sat, 28 Oct 2017 15:03:20",105
,
"Sat, 28 Oct 2017 15:03:22",106
