"Fri, 27 Oct 2017 00:04:45",514
"Fri, 27 Oct 2017 00:04:47",514
"Fri, 27 Oct 2017 00:04:53",512
"Fri, 27 Oct 2017 00:04:55",511
"Fri, 27 Oct 2017 00:05:00",514
"Fri, 27 Oct 2017 00:05:03",514
"Fri, 27 Oct 2017 00:05:05",524
"Fri, 27 Oct 2017 00:05:08",519
"Fri, 27 Oct 2017 00:05:10",518
"Fri, 27 Oct 2017 00:09:49",763
"Fri, 27 Oct 2017 00:09:51",747
"Fri, 27 Oct 2017 00:09:54",542
"Fri, 27 Oct 2017 00:09:56",547
"Fri, 27 Oct 2017 00:09:59",548
"Fri, 27 Oct 2017 00:10:01",549
"Fri, 27 Oct 2017 00:10:06",556
"Fri, 27 Oct 2017 00:10:12",545
"Fri, 27 Oct 2017 00:10:14",551
"Fri, 27 Oct 2017 00:10:17",548
"Fri, 27 Oct 2017 00:10:22",548
"Fri, 27 Oct 2017 00:10:24",541
"Fri, 27 Oct 2017 00:10:27",545
"Fri, 27 Oct 2017 00:10:29",543
"Fri, 27 Oct 2017 00:10:32",544
"Fri, 27 Oct 2017 00:10:34",537
"Fri, 27 Oct 2017 00:10:37",537
"Fri, 27 Oct 2017 00:10:39",536
"Fri, 27 Oct 2017 00:10:44",538
"Fri, 27 Oct 2017 00:10:47",538
"Fri, 27 Oct 2017 00:10:50",541
"Fri, 27 Oct 2017 00:10:52",539
"Fri, 27 Oct 2017 00:10:55",538
"Fri, 27 Oct 2017 00:10:57",544
"Fri, 27 Oct 2017 00:11:00",539
"Fri, 27 Oct 2017 00:11:02",537
"Fri, 27 Oct 2017 00:11:05",536
"Fri, 27 Oct 2017 00:11:10",532
"Fri, 27 Oct 2017 00:11:12",529
"Fri, 27 Oct 2017 00:11:15",553
"Fri, 27 Oct 2017 00:11:17",529
"Fri, 27 Oct 2017 00:11:20",533
"Fri, 27 Oct 2017 00:11:22",530
"Fri, 27 Oct 2017 00:11:28",531
"Fri, 27 Oct 2017 00:11:30",530
"Fri, 27 Oct 2017 00:11:33",530
"Fri, 27 Oct 2017 00:11:35",529
"Fri, 27 Oct 2017 00:11:38",529
"Fri, 27 Oct 2017 00:11:43",528
"Fri, 27 Oct 2017 00:11:48",528
"Fri, 27 Oct 2017 00:11:50",531
"Fri, 27 Oct 2017 00:11:55",528
"Fri, 27 Oct 2017 00:12:00",527
"Fri, 27 Oct 2017 00:12:05",527
"Fri, 27 Oct 2017 00:12:08",526
"Fri, 27 Oct 2017 00:12:11",525
"Fri, 27 Oct 2017 00:12:13",524
"Fri, 27 Oct 2017 00:12:18",full
"Fri, 27 Oct 2017 00:12:23",565
"Fri, 27 Oct 2017 00:12:26",full
"Fri, 27 Oct 2017 00:12:28",full
"Fri, 27 Oct 2017 00:12:31",full
"Fri, 27 Oct 2017 00:12:33",full
"Fri, 27 Oct 2017 00:12:36",full
"Fri, 27 Oct 2017 00:12:38",full
"Fri, 27 Oct 2017 00:12:41",full
"Fri, 27 Oct 2017 00:12:43",full
"Fri, 27 Oct 2017 00:12:59",full
"Fri, 27 Oct 2017 00:13:01",full
"Fri, 27 Oct 2017 00:13:09",full
"Fri, 27 Oct 2017 00:13:11",full
"Fri, 27 Oct 2017 00:13:14",full
"Fri, 27 Oct 2017 00:13:21",full
"Fri, 27 Oct 2017 00:13:29",full
"Fri, 27 Oct 2017 00:13:31",full
"Fri, 27 Oct 2017 00:13:34",full
"Fri, 27 Oct 2017 00:13:39",full
"Fri, 27 Oct 2017 00:13:42",full
"Fri, 27 Oct 2017 00:13:44",full
"Fri, 27 Oct 2017 00:13:47",full
"Fri, 27 Oct 2017 00:13:49",full
"Fri, 27 Oct 2017 00:13:57",full
"Fri, 27 Oct 2017 00:13:59",full
"Fri, 27 Oct 2017 00:14:02",full
"Fri, 27 Oct 2017 00:14:04",full
"Fri, 27 Oct 2017 00:14:07",full
"Fri, 27 Oct 2017 00:14:09",full
"Fri, 27 Oct 2017 00:14:12",full
"Fri, 27 Oct 2017 00:14:15",full
"Fri, 27 Oct 2017 00:14:17",full
"Fri, 27 Oct 2017 00:14:20",full
"Fri, 27 Oct 2017 00:14:22",full
"Fri, 27 Oct 2017 00:14:25",full
"Fri, 27 Oct 2017 00:14:27",full
"Fri, 27 Oct 2017 00:14:30",full
"Fri, 27 Oct 2017 00:14:37",full
"Fri, 27 Oct 2017 00:14:45",full
"Fri, 27 Oct 2017 00:14:47",full
"Fri, 27 Oct 2017 00:14:50",full
"Fri, 27 Oct 2017 00:14:55",full
"Fri, 27 Oct 2017 00:14:58",full
"Fri, 27 Oct 2017 00:15:00",full
"Fri, 27 Oct 2017 00:15:05",full
"Fri, 27 Oct 2017 00:15:08",full
"Fri, 27 Oct 2017 00:15:10",full
"Fri, 27 Oct 2017 00:15:13",full
"Fri, 27 Oct 2017 00:15:15",full
"Fri, 27 Oct 2017 00:15:18",full
"Fri, 27 Oct 2017 00:15:20",full
"Fri, 27 Oct 2017 00:15:38",full
"Fri, 27 Oct 2017 00:15:56",full
"Fri, 27 Oct 2017 00:16:06",full
"Fri, 27 Oct 2017 00:16:08",570
"Fri, 27 Oct 2017 00:16:11",571
"Fri, 27 Oct 2017 00:16:13",574
"Fri, 27 Oct 2017 00:16:16",578
"Fri, 27 Oct 2017 00:16:19",576
"Fri, 27 Oct 2017 00:16:21",578
"Fri, 27 Oct 2017 00:16:26",579
"Fri, 27 Oct 2017 00:16:29",592
"Fri, 27 Oct 2017 00:16:31",594
"Fri, 27 Oct 2017 00:16:36",596
"Fri, 27 Oct 2017 00:16:44",562
"Fri, 27 Oct 2017 00:16:46",562
"Fri, 27 Oct 2017 00:16:56",575
"Fri, 27 Oct 2017 00:16:59",577
"Fri, 27 Oct 2017 00:17:04",578
"Fri, 27 Oct 2017 00:17:09",579
"Fri, 27 Oct 2017 00:17:17",580
"Fri, 27 Oct 2017 00:17:19",978
"Fri, 27 Oct 2017 00:17:22",986
"Fri, 27 Oct 2017 00:17:27",988
"Fri, 27 Oct 2017 00:17:29",990
"Fri, 27 Oct 2017 00:17:32",992
"Fri, 27 Oct 2017 00:17:34",991
"Fri, 27 Oct 2017 00:17:37",991
"Fri, 27 Oct 2017 00:17:42",992
"Fri, 27 Oct 2017 00:17:47",992
"Fri, 27 Oct 2017 00:17:50",994
"Fri, 27 Oct 2017 00:19:31",
"Fri, 27 Oct 2017 00:19:34",
"Fri, 27 Oct 2017 00:19:37",
"Fri, 27 Oct 2017 00:19:42",
"Fri, 27 Oct 2017 00:20:03",
"Fri, 27 Oct 2017 00:20:33",
"Fri, 27 Oct 2017 00:23:23",
"Fri, 27 Oct 2017 00:23:54",
"Sat, 28 Oct 2017 18:36:13",
"Sat, 28 Oct 2017 18:36:43",
"Sat, 28 Oct 2017 18:37:22",
"Sat, 28 Oct 2017 18:37:24",
"Sat, 28 Oct 2017 18:37:27",
"Sat, 28 Oct 2017 18:37:29",
"Sat, 28 Oct 2017 18:37:32",
"Sat, 28 Oct 2017 18:37:34",
"Sat, 28 Oct 2017 18:37:37",
"Sat, 28 Oct 2017 18:37:40",
"Sat, 28 Oct 2017 18:37:42",
"Sat, 28 Oct 2017 18:37:45",
"Sat, 28 Oct 2017 18:37:50",
"Sat, 28 Oct 2017 18:37:52",
"Sat, 28 Oct 2017 18:37:57",
"Sat, 28 Oct 2017 18:38:05",
"Sat, 28 Oct 2017 18:45:15",
"Sat, 28 Oct 2017 18:45:17",
"Sat, 28 Oct 2017 18:45:20",
"Sat, 28 Oct 2017 18:45:22",
"Sat, 28 Oct 2017 18:45:25",
"Sat, 28 Oct 2017 18:45:27",
"Sat, 28 Oct 2017 18:45:30",
"Sat, 28 Oct 2017 18:45:32",
"Sat, 28 Oct 2017 18:45:35",
"Sat, 28 Oct 2017 18:45:37",
"Sat, 28 Oct 2017 18:45:40",
"Sat, 28 Oct 2017 18:45:42",
"Sat, 28 Oct 2017 18:45:45",
"Sat, 28 Oct 2017 18:45:47",
"Sat, 28 Oct 2017 18:45:50",
"Sat, 28 Oct 2017 18:45:53",
"Sat, 28 Oct 2017 18:45:58",
"Sat, 28 Oct 2017 18:46:00",
"Sat, 28 Oct 2017 18:46:05",
"Sat, 28 Oct 2017 18:46:08",
"Sat, 28 Oct 2017 18:46:10",
"Sat, 28 Oct 2017 18:46:15",
"Sat, 28 Oct 2017 18:46:18",
"Sat, 28 Oct 2017 18:46:26",
"Sat, 28 Oct 2017 18:46:28",
"Sat, 28 Oct 2017 18:47:13",
"Sat, 28 Oct 2017 18:47:33",
"Sat, 28 Oct 2017 18:47:54",
"Sat, 28 Oct 2017 18:48:14",
"Sat, 28 Oct 2017 18:48:35",
"Sat, 28 Oct 2017 18:48:56",
"Sat, 28 Oct 2017 18:49:16",
"Sat, 28 Oct 2017 18:49:37",
"Sat, 28 Oct 2017 18:49:57",
"Sat, 28 Oct 2017 18:50:18",
"Sat, 28 Oct 2017 18:50:38",
"Sat, 28 Oct 2017 18:51:14",
"Sat, 28 Oct 2017 18:51:55",
"Sat, 28 Oct 2017 18:52:18",
"Sat, 28 Oct 2017 18:52:38",
"Sat, 28 Oct 2017 18:53:14",
"Sat, 28 Oct 2017 18:53:37",
"Sat, 28 Oct 2017 18:53:58",
"Sat, 28 Oct 2017 18:54:18",
"Sat, 28 Oct 2017 18:54:39",
"Sat, 28 Oct 2017 18:54:59",
"Sat, 28 Oct 2017 18:55:20",
"Sat, 28 Oct 2017 18:55:43",
"Sat, 28 Oct 2017 18:56:06",
"Sat, 28 Oct 2017 18:56:32",
"Sat, 28 Oct 2017 18:56:52",
"Sat, 28 Oct 2017 18:57:13",
"Sat, 28 Oct 2017 18:57:41",
"Sat, 28 Oct 2017 18:58:02",
"Sat, 28 Oct 2017 18:58:22",
"Sat, 28 Oct 2017 18:58:45",
"Sat, 28 Oct 2017 18:59:16",
"Sat, 28 Oct 2017 18:59:36",
"Sat, 28 Oct 2017 18:59:57",full
